{
    "ddType": 2,
    "items": [
        {
            "widgetGuid": "A8CB394D-15B1-42C9-94FC-AD7BDC599E2A",
            "widgetProperties": {
                "i": "Image",
                "background": "#ffffff",
                "fontColor": "#ffffff",
                "fontFamily": "Proxima Nova",
                "fontSize": "18",
                "title": "",
                "titleAlign": "",
                "contents": {
                    "option": {
                        "imageUpload": "false",
                        "imageUrl": "true",
                        "imageDevice": "false",
                        "imageTelemetry": "false",
                        "key": "option",
                        "position": "stretch"
                    },
                    "upload": {
                        "imageurl": "",
                        "key": "upload"
                    },
                    "url": {
                        "imageurl": "https://saleshosted.z13.web.core.windows.net/media/ifx/psoc6AI/imu_-title2.png",
                        "key": "url"
                    },
                    "device": {
                        "deviceGuid": "9BFA4E7E-F76D-457D-B912-19CBFFEE012A",
                        "deviceName": "",
                        "imageurl": "",
                        "key": "device",
                        "deviceUniqueId": "psoc6-imu-f5af261f"
                    },
                    "telemetry": {
                        "deviceGuid": "",
                        "deviceName": "",
                        "imageurl": "",
                        "key": "telemetry"
                    }
                }
            },
            "properties": {
                "x": "0",
                "y": "0",
                "w": "47",
                "h": "6",
                "i": "Image",
                "minW": "5",
                "minH": "5",
                "isStatic": "false"
            }
        },
        {
            "widgetGuid": "6FEFF6B7-15C4-4095-A156-87A1B38D2FF5",
            "widgetProperties": {
                "i": "Transformation",
                "background": "#dfe0e1",
                "fontColor": "#dfe0e1",
                "fontFamily": "Proxima Nova",
                "fontSize": "10",
                "title": "Transformation",
                "titleAlign": "",
                "contents": {
                    "Transformation": {
                        "device": {
                            "deviceGuid": "9BFA4E7E-F76D-457D-B912-19CBFFEE012A",
                            "deviceUniqueId": "psoc6-imu-f5af261f"
                        },
                        "attributes": {
                            "attribute": [
                                {
                                    "attributeGuid": "F1DA37DD-F132-40EF-9687-114F07A0AEFD",
                                    "attributeName": "confidence",
                                    "checked": "false",
                                    "dataType": "INTEGER",
                                    "attributeLatestValue": "97",
                                    "deviceUpdatedDate": "2024-08-29T18:21:50.983Z",
                                    "gatewayUpdatedDate": "NA",
                                    "attributeValue": "97"
                                },
                                {
                                    "attributeGuid": "BDEF272F-1A70-433D-B661-61A265F6D33B",
                                    "attributeName": "accel.y",
                                    "checked": "false",
                                    "dataType": "DECIMAL",
                                    "attributeLatestValue": "-0.9394531",
                                    "deviceUpdatedDate": "2024-08-29T18:21:50.983Z",
                                    "gatewayUpdatedDate": "NA",
                                    "attributeValue": "-0.9394531"
                                },
                                {
                                    "attributeGuid": "5BD164B0-37AB-4752-91E5-9167089BBF7A",
                                    "attributeName": "version",
                                    "checked": "false",
                                    "dataType": "STRING",
                                    "attributeLatestValue": "03.00.00",
                                    "deviceUpdatedDate": "2024-08-29T18:21:50.983Z",
                                    "gatewayUpdatedDate": "NA",
                                    "attributeValue": "03.00.00"
                                },
                                {
                                    "attributeGuid": "1D49B6C2-0D34-4676-953B-B6CDEA27CCFE",
                                    "attributeName": "class",
                                    "checked": "true",
                                    "dataType": "STRING",
                                    "attributeLatestValue": "standing",
                                    "deviceUpdatedDate": "2024-08-29T18:21:50.983Z",
                                    "gatewayUpdatedDate": "NA",
                                    "attributeValue": "standing"
                                },
                                {
                                    "attributeGuid": "C0096208-A496-44A8-A6B2-C25A2CFF2CB4",
                                    "attributeName": "accel.x",
                                    "checked": "false",
                                    "dataType": "DECIMAL",
                                    "attributeLatestValue": "-0.0056152",
                                    "deviceUpdatedDate": "2024-08-29T18:21:50.983Z",
                                    "gatewayUpdatedDate": "NA",
                                    "attributeValue": "-0.0056152"
                                },
                                {
                                    "attributeGuid": "0129DE05-4E5F-4D9C-B07F-FEB5B353EAFE",
                                    "attributeName": "accel.z",
                                    "checked": "false",
                                    "dataType": "DECIMAL",
                                    "attributeLatestValue": "0.3637695",
                                    "deviceUpdatedDate": "2024-08-29T18:21:50.983Z",
                                    "gatewayUpdatedDate": "NA",
                                    "attributeValue": "0.3637695"
                                }
                            ]
                        },
                        "key": "Transformation",
                        "transformations": [
                            {
                                "condition": "eq",
                                "conditionValue": "standing",
                                "type": "Url",
                                "errors": "",
                                "typeValue": "https://saleshosted.z13.web.core.windows.net/media/ifx/psoc6AI/Standing.gif"
                            },
                            {
                                "condition": "eq",
                                "conditionValue": "walking",
                                "type": "Url",
                                "errors": "",
                                "typeValue": "https://saleshosted.z13.web.core.windows.net/media/ifx/psoc6AI/Walking.gif"
                            },
                            {
                                "condition": "eq",
                                "conditionValue": "jumping",
                                "type": "Url",
                                "errors": "",
                                "typeValue": "https://saleshosted.z13.web.core.windows.net/media/ifx/psoc6AI/Jumping.gif"
                            },
                            {
                                "condition": "eq",
                                "conditionValue": "running",
                                "type": "Url",
                                "errors": "",
                                "typeValue": "https://saleshosted.z13.web.core.windows.net/media/ifx/psoc6AI/Running.gif"
                            },
                            {
                                "condition": "eq",
                                "conditionValue": "sitting",
                                "type": "Url",
                                "errors": "",
                                "typeValue": "https://saleshosted.z13.web.core.windows.net/media/ifx/psoc6AI/Sitting.gif"
                            },
                            {
                                "condition": "ne",
                                "conditionValue": "sitting",
                                "type": "Url",
                                "errors": "",
                                "typeValue": "https://saleshosted.z13.web.core.windows.net/media/ifx/psoc6AI/NoActivity.gif"
                            }
                        ],
                        "position": "stretch"
                    }
                }
            },
            "properties": {
                "x": "0",
                "y": "6",
                "w": "25",
                "h": "11",
                "i": "Transformation",
                "minW": "7",
                "minH": "4",
                "isStatic": "false"
            }
        },
        {
            "widgetGuid": "21A18C90-2DBC-4283-89D2-B01E1B70E363",
            "widgetProperties": {
                "i": "gauge",
                "background": "#dfe0e1",
                "fontColor": "#000000",
                "fontFamily": "Proxima Nova",
                "fontSize": "24",
                "title": "Confidence (%)",
                "titleAlign": "",
                "contents": {
                    "gauge": {
                        "device": {
                            "deviceGuid": "9BFA4E7E-F76D-457D-B912-19CBFFEE012A",
                            "deviceUniqueId": "psoc6-imu-f5af261f"
                        },
                        "attributes": {
                            "attribute": [
                                {
                                    "attributeGuid": "E5AF28B7-D352-455C-8D33-4F51F3B5C344",
                                    "attributeName": "count_unlabelled",
                                    "checked": "false",
                                    "dataType": "INTEGER",
                                    "attributeLatestValue": "0",
                                    "deviceUpdatedDate": "2024-08-06T01:52:42.997Z",
                                    "gatewayUpdatedDate": "NA",
                                    "attributeValue": "0"
                                },
                                {
                                    "attributeGuid": "660585B1-446F-4EDD-B16E-5595FBF0D38F",
                                    "attributeName": "accel.z",
                                    "checked": "false",
                                    "dataType": "DECIMAL",
                                    "attributeLatestValue": "0.9689941",
                                    "deviceUpdatedDate": "2024-08-06T01:52:42.997Z",
                                    "gatewayUpdatedDate": "NA",
                                    "attributeValue": "0.9689941"
                                },
                                {
                                    "attributeGuid": "A4808CB1-15C2-42E0-A4C1-5ED9D6968907",
                                    "attributeName": "confidence",
                                    "checked": "true",
                                    "dataType": "INTEGER",
                                    "attributeLatestValue": "49",
                                    "deviceUpdatedDate": "2024-08-06T01:52:42.997Z",
                                    "gatewayUpdatedDate": "NA",
                                    "attributeValue": "49"
                                },
                                {
                                    "attributeGuid": "06349B70-5A38-4C90-86E7-846865668FB2",
                                    "attributeName": "count_jumping",
                                    "checked": "false",
                                    "dataType": "INTEGER",
                                    "attributeLatestValue": "0",
                                    "deviceUpdatedDate": "2024-08-06T01:52:42.997Z",
                                    "gatewayUpdatedDate": "NA",
                                    "attributeValue": "0"
                                },
                                {
                                    "attributeGuid": "B3D937B3-459A-41B6-B7E7-A6A58F50C7D2",
                                    "attributeName": "count_running",
                                    "checked": "false",
                                    "dataType": "INTEGER",
                                    "attributeLatestValue": "0",
                                    "deviceUpdatedDate": "2024-08-06T01:52:42.997Z",
                                    "gatewayUpdatedDate": "NA",
                                    "attributeValue": "0"
                                },
                                {
                                    "attributeGuid": "37F49E49-8040-4DA3-B2A4-AE5FBC0F3D03",
                                    "attributeName": "accel.y",
                                    "checked": "false",
                                    "dataType": "DECIMAL",
                                    "attributeLatestValue": "-0.2355957",
                                    "deviceUpdatedDate": "2024-08-06T01:52:42.997Z",
                                    "gatewayUpdatedDate": "NA",
                                    "attributeValue": "-0.2355957"
                                },
                                {
                                    "attributeGuid": "986374B0-DF1B-4EEC-A5BE-C348199D2ED8",
                                    "attributeName": "count_walking",
                                    "checked": "false",
                                    "dataType": "INTEGER",
                                    "attributeLatestValue": "0",
                                    "deviceUpdatedDate": "2024-08-06T01:52:42.997Z",
                                    "gatewayUpdatedDate": "NA",
                                    "attributeValue": "0"
                                },
                                {
                                    "attributeGuid": "AED34EA9-D7BD-48F1-9A03-CA8CD761A77A",
                                    "attributeName": "count_standing",
                                    "checked": "false",
                                    "dataType": "INTEGER",
                                    "attributeLatestValue": "1406",
                                    "deviceUpdatedDate": "2024-08-06T01:52:42.997Z",
                                    "gatewayUpdatedDate": "NA",
                                    "attributeValue": "1406"
                                },
                                {
                                    "attributeGuid": "21034CD3-AE2D-48B4-83BB-DBF6CF55EFD0",
                                    "attributeName": "count_sitting",
                                    "checked": "false",
                                    "dataType": "INTEGER",
                                    "attributeLatestValue": "0",
                                    "deviceUpdatedDate": "2024-08-06T01:52:42.997Z",
                                    "gatewayUpdatedDate": "NA",
                                    "attributeValue": "0"
                                },
                                {
                                    "attributeGuid": "B0CF561A-BA77-4F19-A827-DD98597F2BDB",
                                    "attributeName": "accel.x",
                                    "checked": "false",
                                    "dataType": "DECIMAL",
                                    "attributeLatestValue": "0.1408691",
                                    "deviceUpdatedDate": "2024-08-06T01:52:42.997Z",
                                    "gatewayUpdatedDate": "NA",
                                    "attributeValue": "0.1408691"
                                }
                            ]
                        },
                        "minValue": "0",
                        "maxValue": "100",
                        "version": "2.0",
                        "zones": [
                            {
                                "zoneColor": "#d0021b",
                                "zoneName": "bad",
                                "upToValue": "45",
                                "showColorPicker": "false"
                            },
                            {
                                "zoneName": "ok",
                                "zoneColor": "#f8e71c",
                                "upToValue": "75",
                                "showColorPicker": "false"
                            },
                            {
                                "zoneName": "good",
                                "zoneColor": "#7ed321",
                                "upToValue": "100",
                                "showColorPicker": "false"
                            }
                        ],
                        "key": "gauge"
                    }
                }
            },
            "properties": {
                "x": "25",
                "y": "6",
                "w": "11",
                "h": "11",
                "i": "gauge",
                "minW": "10",
                "minH": "9",
                "maxH": "15",
                "maxW": "16",
                "isStatic": "false"
            }
        },
        {
            "widgetGuid": "6FEFF6B7-15C4-4095-A156-87A1B38D2FF5",
            "widgetProperties": {
                "i": "Transformation",
                "background": "#dfe0e1",
                "fontColor": "#dfe0e1",
                "fontFamily": "Proxima Nova",
                "fontSize": "10",
                "title": "Transformation",
                "titleAlign": "",
                "contents": {
                    "Transformation": {
                        "device": {
                            "deviceGuid": "9BFA4E7E-F76D-457D-B912-19CBFFEE012A",
                            "deviceUniqueId": "psoc6-imu-f5af261f"
                        },
                        "attributes": {
                            "attribute": [
                                {
                                    "attributeGuid": "F1DA37DD-F132-40EF-9687-114F07A0AEFD",
                                    "attributeName": "confidence",
                                    "checked": "false",
                                    "dataType": "INTEGER",
                                    "attributeLatestValue": "97",
                                    "deviceUpdatedDate": "2024-08-29T18:21:50.983Z",
                                    "gatewayUpdatedDate": "NA",
                                    "attributeValue": "97"
                                },
                                {
                                    "attributeGuid": "BDEF272F-1A70-433D-B661-61A265F6D33B",
                                    "attributeName": "accel.y",
                                    "checked": "false",
                                    "dataType": "DECIMAL",
                                    "attributeLatestValue": "-0.9394531",
                                    "deviceUpdatedDate": "2024-08-29T18:21:50.983Z",
                                    "gatewayUpdatedDate": "NA",
                                    "attributeValue": "-0.9394531"
                                },
                                {
                                    "attributeGuid": "5BD164B0-37AB-4752-91E5-9167089BBF7A",
                                    "attributeName": "version",
                                    "checked": "false",
                                    "dataType": "STRING",
                                    "attributeLatestValue": "03.00.00",
                                    "deviceUpdatedDate": "2024-08-29T18:21:50.983Z",
                                    "gatewayUpdatedDate": "NA",
                                    "attributeValue": "03.00.00"
                                },
                                {
                                    "attributeGuid": "1D49B6C2-0D34-4676-953B-B6CDEA27CCFE",
                                    "attributeName": "class",
                                    "checked": "false",
                                    "dataType": "STRING",
                                    "attributeLatestValue": "standing",
                                    "deviceUpdatedDate": "2024-08-29T18:21:50.983Z",
                                    "gatewayUpdatedDate": "NA",
                                    "attributeValue": "standing"
                                },
                                {
                                    "attributeGuid": "C0096208-A496-44A8-A6B2-C25A2CFF2CB4",
                                    "attributeName": "accel.x",
                                    "checked": "false",
                                    "dataType": "DECIMAL",
                                    "attributeLatestValue": "-0.0056152",
                                    "deviceUpdatedDate": "2024-08-29T18:21:50.983Z",
                                    "gatewayUpdatedDate": "NA",
                                    "attributeValue": "-0.0056152"
                                },
                                {
                                    "attributeGuid": "0129DE05-4E5F-4D9C-B07F-FEB5B353EAFE",
                                    "attributeName": "accel.z",
                                    "checked": "true",
                                    "dataType": "DECIMAL",
                                    "attributeLatestValue": "0.3637695",
                                    "deviceUpdatedDate": "2024-08-29T18:21:50.983Z",
                                    "gatewayUpdatedDate": "NA",
                                    "attributeValue": "0.3637695"
                                }
                            ]
                        },
                        "key": "Transformation",
                        "transformations": [
                            {
                                "condition": "ge",
                                "conditionValue": "0.5",
                                "type": "Url",
                                "errors": "",
                                "typeValue": "https://saleshosted.z13.web.core.windows.net/media/ifx/psoc6AI/psoc-top1.png"
                            },
                            {
                                "condition": "gt",
                                "conditionValue": "-0.5",
                                "type": "Url",
                                "errors": "",
                                "typeValue": "https://saleshosted.z13.web.core.windows.net/media/ifx/psoc6AI/psoc-side.png"
                            },
                            {
                                "condition": "le",
                                "conditionValue": "-0.5",
                                "type": "Url",
                                "errors": "",
                                "typeValue": "https://saleshosted.z13.web.core.windows.net/media/ifx/psoc6AI/psoc-bottom.png"
                            }
                        ],
                        "position": "center"
                    }
                }
            },
            "properties": {
                "x": "36",
                "y": "6",
                "w": "11",
                "h": "11",
                "i": "Transformation",
                "minW": "7",
                "minH": "4",
                "isStatic": "false"
            }
        },
        {
            "widgetGuid": "E413CDFD-54EB-465E-BA97-CE610867E440",
            "widgetProperties": {
                "i": "DeviceCommand",
                "background": "#dfe0e1",
                "fontColor": "#000000",
                "fontFamily": "Proxima Nova",
                "fontSize": "18",
                "title": "Device Commands",
                "titleAlign": "",
                "contents": {
                    "deviceCommand": {
                        "template": "5B2E84D4-2C2A-4043-B7BF-0F5826F8B188",
                        "device": "psoc6-imu-f5af261f",
                        "key": "deviceCommand",
                        "deviceGuid": "9BFA4E7E-F76D-457D-B912-19CBFFEE012A"
                    }
                }
            },
            "properties": {
                "x": "0",
                "y": "17",
                "w": "25",
                "h": "10",
                "i": "DeviceCommand",
                "minW": "22",
                "minH": "10",
                "maxH": "20",
                "maxW": "35",
                "isStatic": "false"
            }
        },
        {
            "widgetGuid": "F7979C1B-8637-4667-90A2-6961052C6E21",
            "widgetProperties": {
                "i": "Live",
                "background": "#dfe0e1",
                "fontColor": "#000000",
                "fontFamily": "Proxima Nova",
                "fontSize": "24",
                "title": "Activity Class",
                "titleAlign": "",
                "contents": {
                    "attributeValue": {
                        "attributeName": "class",
                        "key": "attributeValue"
                    },
                    "attributeTime": {
                        "attributeName": "class",
                        "key": "attributeTime"
                    },
                    "live": {
                        "device": {
                            "deviceGuid": "9BFA4E7E-F76D-457D-B912-19CBFFEE012A",
                            "deviceUniqueId": "psoc6-imu-f5af261f"
                        },
                        "attributes": {
                            "attribute": [
                                {
                                    "attributeGuid": "F1DA37DD-F132-40EF-9687-114F07A0AEFD",
                                    "attributeName": "confidence",
                                    "checked": "false",
                                    "dataType": "INTEGER",
                                    "attributeLatestValue": "97",
                                    "deviceUpdatedDate": "2024-08-29T18:21:50.983Z",
                                    "gatewayUpdatedDate": "NA",
                                    "attributeValue": "97"
                                },
                                {
                                    "attributeGuid": "BDEF272F-1A70-433D-B661-61A265F6D33B",
                                    "attributeName": "accel.y",
                                    "checked": "false",
                                    "dataType": "DECIMAL",
                                    "attributeLatestValue": "-0.9394531",
                                    "deviceUpdatedDate": "2024-08-29T18:21:50.983Z",
                                    "gatewayUpdatedDate": "NA",
                                    "attributeValue": "-0.9394531"
                                },
                                {
                                    "attributeGuid": "5BD164B0-37AB-4752-91E5-9167089BBF7A",
                                    "attributeName": "version",
                                    "checked": "false",
                                    "dataType": "STRING",
                                    "attributeLatestValue": "03.00.00",
                                    "deviceUpdatedDate": "2024-08-29T18:21:50.983Z",
                                    "gatewayUpdatedDate": "NA",
                                    "attributeValue": "03.00.00"
                                },
                                {
                                    "attributeGuid": "1D49B6C2-0D34-4676-953B-B6CDEA27CCFE",
                                    "attributeName": "class",
                                    "checked": "true",
                                    "dataType": "STRING",
                                    "attributeLatestValue": "standing",
                                    "deviceUpdatedDate": "2024-08-29T18:21:50.983Z",
                                    "gatewayUpdatedDate": "NA",
                                    "attributeValue": "standing"
                                },
                                {
                                    "attributeGuid": "C0096208-A496-44A8-A6B2-C25A2CFF2CB4",
                                    "attributeName": "accel.x",
                                    "checked": "false",
                                    "dataType": "DECIMAL",
                                    "attributeLatestValue": "-0.0056152",
                                    "deviceUpdatedDate": "2024-08-29T18:21:50.983Z",
                                    "gatewayUpdatedDate": "NA",
                                    "attributeValue": "-0.0056152"
                                },
                                {
                                    "attributeGuid": "0129DE05-4E5F-4D9C-B07F-FEB5B353EAFE",
                                    "attributeName": "accel.z",
                                    "checked": "false",
                                    "dataType": "DECIMAL",
                                    "attributeLatestValue": "0.3637695",
                                    "deviceUpdatedDate": "2024-08-29T18:21:50.983Z",
                                    "gatewayUpdatedDate": "NA",
                                    "attributeValue": "0.3637695"
                                }
                            ]
                        },
                        "rules": "",
                        "key": "live"
                    }
                }
            },
            "properties": {
                "x": "25",
                "y": "17",
                "w": "11",
                "h": "4",
                "i": "Live",
                "minW": "7",
                "minH": "4",
                "maxH": "4",
                "isStatic": "false"
            }
        },
        {
            "widgetGuid": "57E7E7D3-DE04-4CE3-84C3-63D9CC473F75",
            "widgetProperties": {
                "i": "HyperLink",
                "background": "#337dba",
                "fontColor": "#ffffff",
                "fontFamily": "Proxima Nova",
                "fontSize": "24",
                "title": "Get Started: AI",
                "titleAlign": "center",
                "contents": {
                    "hyperlink": {
                        "link": "https://www.infineon.com/cms/en/product/promopages/get-started-with-AI/",
                        "key": "hyperlink"
                    }
                }
            },
            "properties": {
                "x": "36",
                "y": "17",
                "w": "11",
                "h": "2",
                "i": "HyperLink",
                "minW": "5",
                "minH": "2",
                "maxH": "2",
                "isStatic": "false"
            }
        },
        {
            "widgetGuid": "57E7E7D3-DE04-4CE3-84C3-63D9CC473F75",
            "widgetProperties": {
                "i": "HyperLink",
                "background": "#337dba",
                "fontColor": "#ffffff",
                "fontFamily": "Proxima Nova",
                "fontSize": "24",
                "title": "CY8CKIT-062S2-AI",
                "titleAlign": "center",
                "contents": {
                    "hyperlink": {
                        "link": "https://www.infineon.com/cms/en/product/evaluation-boards/cy8ckit-062s2-ai/",
                        "key": "hyperlink"
                    }
                }
            },
            "properties": {
                "x": "36",
                "y": "19",
                "w": "11",
                "h": "2",
                "i": "HyperLink",
                "minW": "5",
                "minH": "2",
                "maxH": "2",
                "isStatic": "false"
            }
        },
        {
            "widgetGuid": "F7979C1B-8637-4667-90A2-6961052C6E21",
            "widgetProperties": {
                "i": "Live",
                "background": "#dfe0e1",
                "fontColor": "#000000",
                "fontFamily": "Proxima Nova",
                "fontSize": "24",
                "title": "Version",
                "titleAlign": "",
                "contents": {
                    "attributeValue": {
                        "attributeName": "version",
                        "key": "attributeValue"
                    },
                    "attributeTime": {
                        "attributeName": "version",
                        "key": "attributeTime"
                    },
                    "live": {
                        "device": {
                            "deviceGuid": "9BFA4E7E-F76D-457D-B912-19CBFFEE012A",
                            "deviceUniqueId": "psoc6-imu-f5af261f"
                        },
                        "attributes": {
                            "attribute": [
                                {
                                    "attributeGuid": "F1DA37DD-F132-40EF-9687-114F07A0AEFD",
                                    "attributeName": "confidence",
                                    "checked": "false",
                                    "dataType": "INTEGER",
                                    "attributeLatestValue": "97",
                                    "deviceUpdatedDate": "2024-08-29T18:21:50.983Z",
                                    "gatewayUpdatedDate": "NA",
                                    "attributeValue": "97"
                                },
                                {
                                    "attributeGuid": "BDEF272F-1A70-433D-B661-61A265F6D33B",
                                    "attributeName": "accel.y",
                                    "checked": "false",
                                    "dataType": "DECIMAL",
                                    "attributeLatestValue": "-0.9394531",
                                    "deviceUpdatedDate": "2024-08-29T18:21:50.983Z",
                                    "gatewayUpdatedDate": "NA",
                                    "attributeValue": "-0.9394531"
                                },
                                {
                                    "attributeGuid": "5BD164B0-37AB-4752-91E5-9167089BBF7A",
                                    "attributeName": "version",
                                    "checked": "true",
                                    "dataType": "STRING",
                                    "attributeLatestValue": "03.00.00",
                                    "deviceUpdatedDate": "2024-08-29T18:21:50.983Z",
                                    "gatewayUpdatedDate": "NA",
                                    "attributeValue": "03.00.00"
                                },
                                {
                                    "attributeGuid": "1D49B6C2-0D34-4676-953B-B6CDEA27CCFE",
                                    "attributeName": "class",
                                    "checked": "false",
                                    "dataType": "STRING",
                                    "attributeLatestValue": "standing",
                                    "deviceUpdatedDate": "2024-08-29T18:21:50.983Z",
                                    "gatewayUpdatedDate": "NA",
                                    "attributeValue": "standing"
                                },
                                {
                                    "attributeGuid": "C0096208-A496-44A8-A6B2-C25A2CFF2CB4",
                                    "attributeName": "accel.x",
                                    "checked": "false",
                                    "dataType": "DECIMAL",
                                    "attributeLatestValue": "-0.0056152",
                                    "deviceUpdatedDate": "2024-08-29T18:21:50.983Z",
                                    "gatewayUpdatedDate": "NA",
                                    "attributeValue": "-0.0056152"
                                },
                                {
                                    "attributeGuid": "0129DE05-4E5F-4D9C-B07F-FEB5B353EAFE",
                                    "attributeName": "accel.z",
                                    "checked": "false",
                                    "dataType": "DECIMAL",
                                    "attributeLatestValue": "0.3637695",
                                    "deviceUpdatedDate": "2024-08-29T18:21:50.983Z",
                                    "gatewayUpdatedDate": "NA",
                                    "attributeValue": "0.3637695"
                                }
                            ]
                        },
                        "rules": "",
                        "key": "live"
                    }
                }
            },
            "properties": {
                "x": "25",
                "y": "21",
                "w": "11",
                "h": "4",
                "i": "Live",
                "minW": "7",
                "minH": "4",
                "maxH": "4",
                "isStatic": "false"
            }
        },
        {
            "widgetGuid": "57E7E7D3-DE04-4CE3-84C3-63D9CC473F75",
            "widgetProperties": {
                "i": "HyperLink",
                "background": "#ec1840",
                "fontColor": "#ffffff",
                "fontFamily": "Proxima Nova",
                "fontSize": "24",
                "title": "Github Repo",
                "titleAlign": "center",
                "contents": {
                    "hyperlink": {
                        "link": "https://github.com/avnet-iotconnect/avnet-iotc-mtb-ai-imu-example",
                        "key": "hyperlink"
                    }
                }
            },
            "properties": {
                "x": "36",
                "y": "21",
                "w": "11",
                "h": "2",
                "i": "HyperLink",
                "minW": "5",
                "minH": "2",
                "maxH": "2",
                "isStatic": "false"
            }
        },
        {
            "widgetGuid": "57E7E7D3-DE04-4CE3-84C3-63D9CC473F75",
            "widgetProperties": {
                "i": "HyperLink",
                "background": "#ec1840",
                "fontColor": "#ffffff",
                "fontFamily": "Proxima Nova",
                "fontSize": "24",
                "title": "Avnet IoTConnect",
                "titleAlign": "center",
                "contents": {
                    "hyperlink": {
                        "link": "https://www.iotconnect.io",
                        "key": "hyperlink"
                    }
                }
            },
            "properties": {
                "x": "36",
                "y": "23",
                "w": "11",
                "h": "2",
                "i": "HyperLink",
                "minW": "5",
                "minH": "2",
                "maxH": "2",
                "isStatic": "false"
            }
        }
    ]
}